Rank,TeamId,TeamName,LastSubmissionDate,Score,SubmissionCount,TeamMemberUserNames
1,15281030,"We(Claude4.6Opus,Gemini3.1Pro)","2026-03-20 01:59:42",0.00000,48,kmmmvs
2,15356432,Amer,"2026-03-07 17:01:00",0.00049,10,amerhu
3,15258944,"Anila Bukhari","2026-03-19 13:16:49",0.00080,22,anilabukhari
4,15355125,HimanshuSingh,"2026-03-09 13:48:38",0.00290,2,himanshusingh4441
5,15271708,eric15342335,"2026-02-21 10:41:17",0.00290,2,eric15342335
6,15284571,"Kaggler Sergio","2026-02-25 10:09:43",0.00291,12,kagglersergio
7,15256731,"Ravi Ramakrishnan","2026-02-23 13:17:39",0.03632,7,ravi20076
8,15272338,F.A.Nina,"2026-02-23 02:08:39",0.03633,15,nina2025
9,15267611,"Khoa Tran","2026-02-19 04:03:27",0.03716,4,khoatran311
10,15256174,"Mansehaj Preet Singh","2026-02-19 05:25:42",0.03716,3,mansehajpreetsingh
11,15263507,Splefer,"2026-02-17 21:24:44",0.14172,2,"jessebie,splefer"
12,15262477,"Neli Dilkova","2026-02-20 15:16:02",0.19135,3,nelidilkova
13,15270128,sigmaborov,"2026-02-19 12:20:36",0.21509,2,sigmaborov
14,15295169,"vivek giri","2026-02-27 05:12:01",0.34704,11,vivek7557
15,15257933,"Jason Karpeles","2026-02-16 16:50:29",0.52387,3,jasonkarpeles
16,15259059,J.,"2026-02-18 15:46:10",0.60362,10,xjoannax88
